,product_title,lowest_price,montly_sales,original_price,discount_rate,star,ratings,total_sales,favorites,brand,weight,warranty,capacity,stock,power
0,CANEL&CO Multifunction Rice Cooker Elektrik periuk nasi Penanak Nasi Electric Cooker Multi,68.9,149,150.0,54,4.9,2200.0,3600.0,2900,Canel & Co,0.0,1,0.0,1147,0
1,Gaabor Frying And Hot Pot Steamboat And Grill GH-M13A Multifunction Cooker BBQ Grill Pan Home Kitchen Appliances,89.0,74,159.0,44,4.9,166.0,360.0,626,Gaabor,1850.0,24,1.0,133,1300
2,🇲🇾Premium+ Non Stick Rice Cooker 2.5L / 1.2L with Steamer 400W / 200W Periuk Nasi 電飯鍋,43.5,263,0.0,62,4.8,1900.0,3400.0,2800,Others,0.0,0,0.0,291,0
3,Gaabor Electric Rice Cooker GR-S30A/S30B Multifunction Cooker Steamer Kitchen Home Appliances 电饭煲,89.0,162,0.0,36,4.9,400.0,697.0,1200,Gaabor,2000.0,3,1.2,360,500
4,1.8L Multifunctional Non Stick Electric Pot /Mini Rice Cooker With Steamer Frying Pan Electric Cooker Cooking Pot,26.3,298,89.0,70,4.8,1900.0,3700.0,2100,Others,0.0,0,0.0,422,0
5,READY STOCK UDC 😍  3 Pin Plug Lopol Electric Non Stick Ceramic Frying Pan Rice Portable Mini Rice Cooker Periuk Nasi,19.88,1400,0.0,4,4.9,20300.0,37500.0,2200,Others,0.0,0,0.0,5061,0
6,CURO 3 Pin Plug Lopol Electric Non Stick Ceramic Frying Pan Rice Multi Mini Rice Cooker Periuk Nasi,19.53,884,49.34,60,4.9,11200.0,20600.0,500,Others,0.0,0,0.0,3221,0
7,REDBUZZ 1.8L Non Stick Electric Pot /Mini Rice Cooker With Steamer Frying Pan Electric Cooker Cooking Pot Periuk Nasi,19.98,869,99.9,80,4.8,8300.0,15700.0,7300,Others,750.0,24,0.0,1180,600
8,DESSINI ITALY 10IN1 Electric Digital Pressure Cooker Non-stick Stainless Steel Inner Pot Rice Cooker Steamer (6L),126.0,672,318.0,60,4.8,5500.0,9900.0,4800,Others,0.0,0,0.0,0,0
9,Storage Rack Kitchen Rack Multi-layer kitchen Storage Rack Multipurpose Microwave Oven Rack Rice Cooker Rack Desktop Oven Seasoning Rack Kitchen Organizer Kitchen Supplies Microwave Shelf,23.89,587,0.0,60,4.9,7500.0,13400.0,600,Others,0.0,0,0.0,0,0
10,Rss_Lopol Electric NonStick Ceramic/Marble Frying Pan Rice Multi Mini Rice Cooker,18.9,458,0.0,20,4.6,19900.0,41100.0,17200,Others,0.0,0,0.0,185,0
11,*SALES*Midea 0.6L Rice Cooker MG-GP06B Glass Lid,46.9,295,0.0,0,4.9,4400.0,11400.0,2400,Midea,0.0,0,0.0,8665,0
12,Electric Multi Cooker Frying Pan Grill Pot Mini Rice Cooker Multicooker Steamer Multi Fuction,12.99,387,0.0,89,4.8,10800.0,22400.0,14200,Others,0.0,0,0.0,657,0
13,MMX Pressure Cooker Rice Cooker Stainless Steel Pot (6L) Ewant Classic MMXYBD6-100R,149.99,329,0.0,78,4.9,7700.0,12200.0,8100,Kelen Munoz MMX,0.0,1,0.0,860,0
14,Mini Rice Cooker Non Stick Home Appliances Soup Pot Steamer Electric Periuk Nasi Elektrik Mini Kecil 迷你电饭煲 煲汤锅 [H06],49.8,160,89.9,45,4.9,2700.0,4700.0,400,Others,0.0,0,0.0,835,0
15,1.8L Multifunctional Non Stick Electric Pot /Mini Rice Cooker With Steamer Frying Pan Electric Cooker Cooking Pot,26.3,298,89.0,70,4.8,1900.0,3700.0,2100,Others,0.0,0,0.0,422,0
16,Electric Pot /Mini Rice Cooker with steamer Free Malaysia 3 pin cable,19.0,287,0.0,0,4.9,15500.0,2800.0,21900,Others,0.0,0,0.0,24440,0
17,Giselle Mini Rice Cooker 1.2L with Non-stick Pot and Steamer 200W (KEA0371),51.99,273,99.99,48,4.9,6300.0,10700.0,12900,Giselle,1380.0,12,1.2,1347,200
18,Haier 1L/1.8L/2.8L Conventional Rice Cooker / Periuk Nasi (HRC-GX10A/GX18A/GX28A),49.9,260,0.0,0,4.9,1200.0,2000.0,684,Haier,0.0,12,0.0,202,0
19,3 PIN 1.5M / 3M 500W 2500W Malaysia UK Plug Wayar Power 13A Fuse Monitor Rice Cooker Power Supply Cord Cable Wire,5.2,245,0.0,50,4.9,1900.0,7300.0,793,Others,0.0,0,0.0,1954,0
20,"Midea [1.0L/1.8L] Conventional Rice Cooker | MR-GM18SDA-B, MR-GM18SDA-R, MRGM10SDA, MR-GM10SDA (Periuk Nasi,电饭锅)",61.88,229,0.0,38,5.0,1500.0,2500.0,925,Midea,0.0,12,0.0,331,0
21,Electric Lunch Box Portable Mini Rice Cooker Food Steamer Heating Meal Lunchbox,25.99,221,149.0,83,4.8,5000.0,9800.0,6400,Others,0.0,0,0.0,367,0
22,S/Steel Multi Mini Rice Cooker Frying Grill Pan POT Steamer Periuk Nasi Electric Steamboat Multifunction Elektrik Small,18.9,220,38.0,50,4.9,1100.0,2000.0,1200,Canel & Co,0.0,0,0.0,35,0
23,READY STOCK😍 HERMAN Lopol Electric Non Stick Ceramic Marble Frying Pan Rice Multi Mini Rice Cooker Periuk Nasi Elektrik,19.04,202,0.0,15,4.9,8300.0,15500.0,5100,Others,0.0,0,0.0,0,0
24,𝟮 𝗠𝗢𝗗𝗘 Non Stick Mini Cooker Pot Steamer Tray Rice Soup Maggi Mee Steamboat 1.8L Multifunction Periuk Nasi Elektrik 火锅,5.18,169,0.0,84,4.9,4300.0,8200.0,2900,Others,0.0,0,0.0,1564,0
25,1.8L Non Stick Electric Pot /Mini Rice Cooker With Steamer Frying Pan Electric Cooker Cooking Pot,24.9,168,99.9,75,4.9,189.0,406.0,243,Others,0.0,0,0.0,1180,0
26,Malaysia 3-pin plug mini rice cooker Home appliances 1.2l small rice cookers cooking pot electric cooker,47.5,164,89.0,47,4.9,1600.0,2800.0,1500,Others,1200.0,12,1.2,719,200
27,Faber Rice Cooker With Keep Warm (1L) FRC210,47.99,160,105.0,54,4.9,4700.0,8300.0,3400,Faber,0.0,12,1.0,100,0
28,3.8L / 3.3LElectric NonStick Ceramic Grill Frying Pan Rice Multi Function Cooker,37.2,117,0.0,39,4.8,3700.0,7200.0,4200,Others,0.0,0,0.0,0,0
29,CANEL&CO Multifunction Rice Cooker Elektrik periuk nasi Penanak Nasi Electric Cooker Multi,68.9,149,150.0,54,4.9,2200.0,3600.0,2900,Canel & Co,0.0,1,0.0,1146,0
30,Otto -1.2L Lopol Electric Non Stick Ceramic Frying Pan Rice Portable Mini Rice Cooker Periuk Nasi,18.0,137,0.0,16,4.8,1000.0,1900.0,743,Others,0.0,0,0.0,1098,0
31,🔥READY STOCK🔥🇲🇾  Smart Mini Rice Cooker Home Students Small Multi-Function Travel 1.2L/2.5L Ready Stock,43.5,127,0.0,77,4.9,1900.0,3300.0,3200,Others,0.0,0,0.0,849,0
32,Russell Taylors Conventional Rice Cooker Steam Rack Included (1.8L) ERC-18,69.99,128,180.0,61,4.8,5400.0,8200.0,4100,Russell Taylors,0.0,24,1.8,1963,600
33,Borong365 Multifunctional Non-Stick / Stainless Steel Mini Electric Cooker Mini Rice Cooker Steamer Pot With Steam Tray,17.9,111,0.0,62,4.9,790.0,1500.0,512,Others,0.0,0,0.0,1943,0
34,Rice Cooker Thermal Fuse 250V 10A Temperature Celsius 105 110 115 120 133 142 155 165 169 172 184 185 192 216 240 Degree,1.78,97,0.0,1,4.9,108.0,778.0,41,Others,0.0,0,0.0,1773,0
35,Lopol 2.5L Electric NonStick Ceramic Grill Frying Pan Rice Multi Function Cooker,23.9,105,0.0,52,4.9,3800.0,7300.0,3200,Others,0.0,0,0.0,57,0
36,Mini rice cooker 1.2L small 1-2 people rice cooker multifunctional steaming household single kitchen small appliances,46.0,92,46.5,1,4.9,805.0,1500.0,1100,Others,1500.0,3,1.2,0,200
37,PANASONIC RICE COOKER 1.8L SR-E18A / PERIUK NASI PANASONIC RICE COOKER 1.0L SR-E10,92.9,67,0.0,28,4.9,812.0,1400.0,751,Panasonic,0.0,0,0.0,883,0
38,2 Layers Non Stick Mini Cooker Pot Steamer Tray Rice Soup Maggi Mee Steamboat 1.8L Multifunction Periuk Nasi Elektrik 火锅,27.99,90,0.0,0,4.8,1100.0,2800.0,834,Others,0.0,0,0.0,3551,0
39,Primada 8 Liter Jumbo Pressure Cooker PC8030 + FREE MARBLE SET/ELECTRIC MULTICOOKER/2 SS POTS/BBQ STEAMBOAT POT,609.0,1,0.0,53,4.9,489.0,817.0,867,Primada,0.0,24,0.0,172,0
40,Gaabor Electric Rice Cooker GR-S60A Big Capacity Touch Multi Function Cooker Kitchen Appliances,149.0,25,269.0,45,4.9,118.0,201.0,404,Gaabor,0.0,0,0.0,0,0
41,Primada Smart Rice Cooker PSC60,205.0,0,399.0,49,4.9,212.0,358.0,174,Primada,0.0,0,0.0,390,0
42,Philips Viva Collection Rice Cooker HD3132 | HD3132/60,177.0,41,263.0,33,4.9,2200.0,3700.0,300,Others,0.0,0,0.0,119,0
43,Rss_Lopol Electric NonStick Ceramic/Marble Frying Pan Rice Multi Mini Rice Cooker,18.9,458,0.0,20,4.6,19900.0,41100.0,17200,Others,0.0,0,0.0,185,0
44,Xiaomi Mi Smart Mini Rice Cooker No IH Induction Heating 1.6L / 3L C1 Appointment LED Display Automatic Electric Cooker,99.0,44,0.0,68,5.0,501.0,1000.0,1200,Xiaomi,4400.0,3,3.0,435,650
45,"PHILIPS 6L All-In-One Cooker (Viva Collection) HD2137/62 | HD2137 - Slow cook, pressure cook, multicook",489.0,17,753.0,35,4.7,812.0,1700.0,1500,Others,0.0,0,0.0,96,0
46,Haier 1.0L Conventional Rice Cooker HRC-GX10A,49.0,43,79.0,38,4.8,42.0,71.0,41,Haier,0.0,0,0.0,3,0
47,REDBUZZ 3.2L Smart Electric Digital Rice Cooker Pot Multifunction Periuk Masak Noodle Non-Stick Cooking Pot Steamer 电煮锅,12.9,87,0.0,56,4.7,1100.0,2100.0,1900,Others,1500.0,12,3.2,1142,1000
48,Philips Daily Collection Jar Rice Cooker HD3129 | HD3129/60,159.0,51,253.0,37,4.9,3200.0,5100.0,4400,Others,0.0,0,0.0,0,0
49,NonStick Multi Mini Rice Cooker Frying Grill Pan POT Steamer Periuk Nasi Electric Steamboat Multifunction Elektrik Small,17.0,81,0.0,57,4.9,746.0,1300.0,532,Canel & Co,0.0,0,0.0,0,0
50,"Hericaine Mini Rice Cooker 1.2L Non Stick Pot 200W *Free Rice Spoon, Rice Cup, Steam Plate*",44.6,78,0.0,10,4.9,137.0,267.0,244,Others,0.0,3,1.2,733157,200
51,Lopol 1.8L Multi Cooker Mini Rice Cooker Electric Stainless Steel Multi Cooker Mini Rice Cooker  - TF MART,18.5,75,0.0,74,4.9,2100.0,4200.0,200,Others,750.0,1,1.8,186,0
52,LOPOL 1.8L !!! Electric 2 Layer Non Stick Rice Cooker Steamboat Fry Steamer Cooker with Tray,18.5,74,0.0,0,4.7,930.0,2000.0,674,Others,0.0,0,0.0,3463,0
53,SHARP Rice Cooker (Non-Stick) Periuk Nasi - 1L /1.8L/2.2L/2.8L/4.5L,89.0,68,0.0,0,5.0,463.0,732.0,387,Others,0.0,0,0.0,44,0
54,Toshiba/Midea  Rice Cooker With Computer RC-18DH1NMY (1.8L)/ RC-10DH1NMY (1.0L)/ MB-FS17 (1.7L),159.74,66,0.0,45,4.9,1200.0,2000.0,1100,Toshiba,0.0,0,0.0,1320,0
55,"10A/15A/20A 250V Thermal Fuse 185°c, 200°c, 216°c, 230°c Thermalfuse Rice Cooker",3.2,63,0.0,0,5.0,99.0,491.0,30,Others,0.0,0,0.0,168,0
56,READY STOCK😍 HERMAN 22CM Electric Multicooker Non Stick Rice Cooker Food Mini Hot Pot periuk nasi elektrik,39.4,46,0.0,0,4.9,3700.0,6500.0,5400,Others,0.0,0,0.0,74,0
57,KONKA Multifunctional Mini Electric Cooker With Steamed Egg Rack 1.5L [KZG-15YX301],58.2,62,130.1,55,5.0,43.0,633.0,238,Konka,0.0,12,1.5,98,600
58,[Pensonic/Midea] (1.0L/1.8L) Conventional Rice Cooker with Glass Lid | MG-GP10B MGGP10B PRC-11E PRC-18E (Periuk Nasi 电饭锅,59.88,61,0.0,33,4.9,806.0,1300.0,620,Pensonic,0.0,12,0.0,649,0
59,~SHIP FROM KL~ 1.8 L Electric Pot / Mini Rice Cooker with steamer New Version Ceramic Coating Non-Sticky mini cooker,24.0,61,24.9,4,4.8,778.0,1800.0,693,Others,0.0,0,0.0,457,0
60,Multi-function 1.8L Electric Mini Cooking Pot Steamer With Inner Non-Stick Inner Pot Rice Cooker Multi Cooker/不粘锅多功能锅,23.99,60,38.0,37,4.8,169.0,328.0,189,Others,0.0,0,0.0,21,0
61,《 𝗠'𝗦𝗜𝗔 𝗩𝗘𝗥𝗦𝗜𝗢𝗡 》 Non Stick Multifunctional Cooker 1.8L Electric Rice Soup Steamboat Cooking Pot Periuk Nasi Elektrik 火锅,5.18,59,0.0,84,4.9,1800.0,3600.0,1200,Others,0.0,0,0.0,1563,0
62,【HOMAX】Electric Grill Pan NonStick Ceramic Electric Cooker Mini Rice Cooker Multi Cooker Mini Steamboat 电煮锅,36.8,59,0.0,77,5.0,32.0,106.0,47,Others,0.0,0,0.0,83,0
63,Russell Taylors Dual Pot Pressure Cooker Rice Cooker 2 Pots + Steam (6L) PC-60,229.99,57,249.99,8,4.8,8200.0,13400.0,6700,Russell Taylors,0.0,24,6.0,1602,1000
64,【ORIGINAL】 SMART RICE COOKER 5L Soup Timer,109.0,57,238.0,54,4.9,519.0,790.0,406,Others,0.0,12,0.0,87,0
65,Rice Cooker Thermal Fuse 250V 10A 85°~250° 85/90/95/130/139/142/145/152/165/169/175/179/180/185/192/210/216/225/240/250,1.4,57,0.0,0,5.0,93.0,562.0,33,Others,0.0,0,0.0,762,0
66,HERMAN😍 1.8L Non Stick Multi function Electric Cooker /Rice Cooker /Steamer Frying Pan /Portable Pot /Periuk Nasi Mee,20.32,55,0.0,13,4.9,1200.0,2200.0,741,Others,0.0,0,0.0,0,0
67,MMX Pressure Cooker Stainless Steel Pot Rice Cooker Rendang (6L) 12 Functions Ewant Pro MMXYBD6-100A,188.88,54,999.0,83,4.9,2400.0,3500.0,1900,Kelen Munoz MMX,5000.0,1,6.0,209,1000
68,DA35 Electric Multi Rice Cooker Mini Hot Pot Periuk Nasi Elektrik Masak Frying Grill Pengukus Steamer Multifunction,18.7,54,49.9,63,5.0,148.0,334.0,587,Others,0.0,0,0.0,766,0
69,RENODAPUR GH32POT 22cm/26cm 2 in 1 Electric Multi Cooker Steam Tray Nonstick Frying Pan Steamer Rice Cooker frying pan,26.99,53,0.0,0,4.9,308.0,634.0,486,Others,0.0,0,0.0,310,0
70,Electric Multi Function Mini Cooker 2in1Pot DE100 Steamer Hotpot Rice Cooker Periuk Nasi Malaysia Plug,25.88,42,0.0,65,4.9,137.0,254.0,299,Others,0.0,0,0.0,70,0
71,Malaysia Plug 4L 3-5 persons Electric NonStick Ceramic Grill Frying Pan Rice Multi Function Cooker,55.9,53,99.9,44,4.9,96.0,182.0,274,Others,0.0,0,0.0,16,0
72,"[Free Bubble Packing] Pensonic/Midea (1.8L/2.8L) Jar Rice Cooker | PSR-2802, PSR-1802, MR-CM2224, RCJ188 Periuk Nasi 电饭锅",81.88,53,0.0,45,4.8,1300.0,2000.0,901,Pensonic,0.0,12,0.0,530,0
73,Panaletrik Korean Mini Rice Cooker 1.2L Multi Cooker Hot Pot,43.89,52,125.0,65,4.8,2600.0,4200.0,3900,Panaletrik,0.0,0,0.0,626,0
74,Sinshiro Low Sugar Rice Cooker Low Sugar Non Stick 3L Elektrik Periuk Nasi Elektrik Kecil 脫糖電飯煲 Smart Rice Cookers,199.0,26,499.0,60,4.9,260.0,554.0,488,Others,0.0,0,0.0,0,0
75,[Free Bubble Packing] (Pensonic/Cornell) Rice Cooker | PRC-6G PRC-602S PRC-1002S PRC-1802S  (Periuk Nasi 电饭锅),63.55,48,0.0,40,4.9,659.0,1100.0,568,Pensonic,0.0,0,0.0,454,0
76,𝙉𝙊𝙉 𝙎𝙏𝙄𝘾𝙆 💥 Multifunction 1.8L Electric 2 Modes Cooker Rice Noodle Soup Mini Hot Pot Smarter Design Periuk Nasi 电煮火锅,5.16,47,0.0,84,4.9,1900.0,3800.0,1300,Others,0.0,0,0.0,1563,0
77,"Multipurpose Electric Non-Stick Cooker, Fry, Steam, Rice Cooker Mini Cooker Ready Stock",19.5,47,40.0,51,4.9,458.0,824.0,418,Others,0.0,0,0.0,2948,0
78,KONKA Rice Cooker 2L With Non-stick Pan/Steaming Rack 420W (KRC-RS1),128.1,46,274.2,53,4.9,94.0,1300.0,573,Konka,0.0,0,0.0,88,0
79,Mini Rice Cooker Multi Cooker Electric Cooker Periuk Nasi Elektrik Rice Cooker Small Steamer Steamboat Pot Tefal,47.89,45,78.0,39,4.9,1300.0,2200.0,3200,Others,1000.0,12,1.2,241,200
80,Otto-1.2L Lopol Electric Non Stick Ceramic Frying Pan Rice Multi Mini Rice Cooker Periuk Nasi,19.5,45,0.0,7,4.9,463.0,911.0,290,Others,0.0,0,0.0,429,0
81,Gaabor Electric Rice Cooker GR-S30B Multifunction Cooker Steamer Kitchen Home Appliances 电饭锅电饭煲,109.0,0,169.0,36,0.0,0.0,0.0,0,Others,0.0,0,0.0,0,0
82,Panasonic Conventional Rice Cooker (3.6L) SR-WN36,185.0,29,229.0,19,4.9,304.0,608.0,248,Panasonic,0.0,0,0.0,60,0
83,Milux Electric Rice Cooker 4.5L MRC-545 MRC545 Periuk Nasi Besar Elektrik Commercial,158.8,6,0.0,10,4.9,38.0,78.0,45,Milux,0.0,12,4.5,13,0
84,Tefal Rice Cooker Pro IH Steam 10 Cups (RK820D65),899.0,4,1499.0,40,4.9,51.0,104.0,416,Tefal,0.0,0,0.0,3,0
85,Sinshiro Low Sugar Rice Cooker Low Sugar Non Stick 3L Elektrik Periuk Nasi Elektrik Kecil 脫糖電飯煲 Smart Rice Cookers,199.0,26,499.0,60,4.9,260.0,554.0,488,Others,0.0,0,0.0,0,0
86,MORGAN Electric Pressure Cooker 6L MPC-136,165.15,13,899.0,82,4.9,998.0,1800.0,200,Morgan,0.0,0,0.0,344,0
87,Milux Rice Cooker 1.8L MRC-2118,74.7,1,83.9,11,4.9,38.0,56.0,20,Milux,0.0,12,0.0,13,0
88,Cuckoo CR-0810F 1.4 Liter  Micom Rice Cooker and Warmer,260.0,2,410.0,37,5.0,23.0,38.0,88,Cuckoo,0.0,0,0.0,55,0
89,Xiaomi Mi Smart Mini Rice Cooker No IH Induction Heating 1.6L / 3L C1 Appointment LED Display Automatic Electric Cooker,99.0,44,0.0,68,5.0,501.0,1000.0,1200,Xiaomi,4400.0,3,3.0,435,650
90,Cassa 2 Layer/ 3 Layer Zigwave Microwave Oven Rice Cooker Rack Kitchen Dapur shelf Organizer Storage ( Option: Drawer ),30.0,44,0.0,70,4.9,775.0,1400.0,1800,Others,0.0,0,0.0,0,0
91,Primada Smart Rice Cooker PSCL301,159.0,44,318.0,50,4.9,1400.0,2400.0,200,Primada,0.0,12,0.0,435,0
92,"MIDEA Mini Rice Cooker 0.6L Conventional Periuk Nasi (MG-GP06B, MGGP06B)",46.9,43,0.0,33,4.9,751.0,1300.0,472,Midea,0.0,12,1.0,85,0
93,READY STOCK UDC😋 1.2L Retro Rice Cooker non stick multifunctional minimalist family gift periuk nasi Electric Mini Kecil,44.88,43,69.0,36,4.9,307.0,541.0,631,Others,0.0,0,0.0,272,0
94,Haier 1.0L Conventional Rice Cooker HRC-GX10A,49.0,43,79.0,38,4.8,42.0,71.0,41,Haier,0.0,0,0.0,3,0
95,"""12.12 SALE"" Oven Rack Microwave Rack Expandable Adjustable Storage Rack Multi-layer Kitchen Rice Cooker Seasoning Oven",49.9,42,0.0,0,4.9,89.0,211.0,100,Others,0.0,0,0.0,89,0
96,MMX Pressure Cooker Rice Cooker Stainless Steel Pot (8L) MMXYBD8-135R Ewant Classic,208.88,41,0.0,74,4.9,3300.0,5000.0,2300,Kelen Munoz MMX,0.0,1,0.0,306,0
97,Philips Viva Collection Rice Cooker HD3132 | HD3132/60,177.0,41,263.0,33,4.9,2200.0,3700.0,300,Others,0.0,0,0.0,119,0
98,KIMI Multifunction Cooker Electric Cooker Nonstick Pan Frying Pan Mini Rice Cooker Steamer Periuk Nasi  Hot Pot 1.8L,45.9,41,0.0,55,4.9,292.0,526.0,434,Others,0.0,0,0.0,152,0
99,日本千寿 Low Sugar Rice Cooker 低糖电饭锅 6-in-1 Multi Purpose Desugar Rice Cooker/Ready Stock/Local Warranty 健康低糖多功能电饭锅,229.0,26,0.0,58,4.9,124.0,254.0,274,Others,5000.0,3,5.0,0,500
100,Microwave Oven Rack Stainless Steel Rak Ketuhar Kitchen Rack Rice Cooker Toaster Rack Rak Dapur Rak,49.5,40,0.0,50,4.9,1900.0,3400.0,2200,Others,0.0,12,0.0,303,0
101,Singer 0.6L Rice Cooker RC06,57.0,40,65.0,12,4.9,501.0,783.0,415,Singer,0.0,0,0.0,91,0
102,【Ready Stock Msia】 2 Tier Wooden Microwave Oven Rack Rice Cooker Storage Rack Kitchen Shelf Organizers,33.0,38,0.0,0,4.8,2500.0,4200.0,3400,Others,0.0,0,0.0,61,0
103,Midea 0.6L Mini Conventional Rice Cooker Periuk Nasi Kecil (MG-GP06B),44.8,38,0.0,35,4.9,995.0,1500.0,609,Midea,0.0,12,0.6,36,417
104,Purple Electric Multi Cooker 3.8L Frying Pan Grill Hot Pot Food Steamer Rice Cooker 2.0L/ 3.8L Steamboat,29.68,38,0.0,64,4.9,817.0,1500.0,1400,Others,0.0,0,0.0,0,0
105,Mini Rice Cooker 1.2L Small Rice Cookers Cooking Pot Electric Cooker with Non-stick Pot,47.99,38,0.0,0,4.9,46.0,81.0,63,Others,0.0,0,0.0,1776,0
106,Mynazaa---1.2L Electric 2 Layer Non Stick Rice Cooker Steamboat Fry Steamer Cooker,18.0,37,0.0,10,4.9,217.0,405.0,190,Others,0.0,0,0.0,1096,0
107,DESSINI ITALY 10 IN 1 Electric Digital Pressure Cooker Non-stick Stainless Steel Inner Pot Rice Cooker Steamer (8L),189.9,37,475.0,60,4.8,338.0,688.0,533,Others,0.0,0,0.0,0,0
108,"[Free Bubble Packing] Pensonic 1.8L Batik Series Rice Cooker | PSR-1801, PSR1801, PSR-1808B, PSR1808B (Periuk Nasi,电饭锅)",84.88,36,0.0,29,4.9,1400.0,2200.0,1200,Pensonic,0.0,12,0.0,1542,0
109,Toshiba Digital Rice Cooker【HPH】,165.0,25,0.0,0,4.9,207.0,336.0,146,Toshiba,5000.0,1,1.8,477,904
110,Midea Conventional Rice Cooker MG-GP06B (0.6L)/ MG-GP10B (1.0L),44.55,36,0.0,42,4.9,1100.0,2200.0,531,Midea,1440.0,1,0.6,1158,0
111,[READY STOCK] TOPFINE 24cm/26cm Quality Electric Multicooker Non Stick Rice Cooker Food Mini Hot Pot,39.48,35,0.0,33,4.9,4600.0,8100.0,6500,Others,0.0,0,0.0,524,0
112,Midea Conventional Rice Cooker 0.6L [MG-GP06B] |Ready Stocks | Fast Shipping,45.9,29,89.0,48,4.9,3300.0,5900.0,2200,Midea,1500.0,12,0.6,1314,417
113,BEC 1.0L Conventional Rice Cooker,42.5,35,45.9,7,4.9,2900.0,4800.0,1800,BEC,0.0,0,0.0,39,0
114,Milux Commercial Electric 4.5L Rice Cooker MRC545 / MRC-545 饭煲 Periuk Nasi,165.0,35,229.0,28,4.9,285.0,488.0,244,Milux,4600.0,13,4.5,38,1500
115,Kettle Plug Cord Set 1.0MM X 1.5 Meters 3 Pin 250V 13A Power Supply Cable for Desktop Computer Rice Cooker,9.8,34,13.9,29,5.0,303.0,1400.0,92,Others,0.0,0,0.0,37,0
116,Milux Classy Mini Rice Cooker (0.3 L) MRC-703 (1.0L) MRC-510,56.9,27,0.0,40,4.9,1200.0,1900.0,1100,Milux,2500.0,12,0.3,256,200
117,MMX Pressure Cooker Stainless Steel Pot Rice Cooker Rendang (6L) Ewant Pro,188.88,32,680.0,72,4.9,307.0,486.0,556,Kelen Munoz MMX,0.0,0,0.0,92,0
118,【Original】New Version 20 Button Pressure Cooker Dessini Rice Cooker Periuk Tekanan 6L & 8L,109.0,32,0.0,59,4.9,1600.0,2600.0,860,Others,0.0,12,0.0,388,0
119,"Multi-function electric cooker 3L/5L Non-Stick Steamboat Rice Cooker with Temperature Control, with Overheating Protection, with steamer for Fry, Sauté, Steam, Simmer, Electric Frying Pan",68.8,32,0.0,23,4.9,124.0,243.0,550,Others,1950.0,12,3.0,89,1000
120,Toshiba Mechanical Rice Cooker (1.8L) RC-18JH1NMY,94.0,30,0.0,45,4.9,236.0,402.0,215,Toshiba,0.0,12,1.8,733,0
121,🔥🔥ready stock DESN kenwood Pressure Cooker Stainless Steel Pot Rice Cooker (6L 8L)Malaysia plug,120.0,30,0.0,37,4.9,358.0,637.0,281,Others,0.0,0,0.0,2546,0
122,DESSINI ITALY 10IN1 Electric Digital Pressure Cooker Non-stick Stainless Steel Inner Pot Rice Cooker Steamer (6L),122.0,30,309.0,61,4.8,221.0,379.0,300,Dessini,0.0,0,0.0,529,0
123,Europlus Emerald Multi Cooker Non Stick Inner Pot Multifunctional Electric Cooker with Steamer Rack,159.0,17,199.0,20,5.0,261.0,408.0,582,Europlus,0.0,12,0.0,14,0
124,MMX Pressure Cooker Stainless Steel Pot Rice Cooker Rendang (6L) 12 Functions Ewant Pro MMXYBD6-100A,188.88,54,999.0,83,4.9,2400.0,3500.0,1900,Kelen Munoz MMX,5000.0,1,6.0,209,1000
125,Joyoung MIni Electric Cooker K12-D603 rice cooker Line Friends Steamer Personal Hotpot Stainless Steel Electric Boiler,94.0,8,129.0,27,5.0,4.0,16.0,39,Joyoung,0.0,12,0.0,30,0
126,5L Multifunction Electric Smart Rice Cooker Non Stick,122.9,0,175.57,30,0.0,0.0,0.0,0,Others,0.0,0,0.0,0,0
127,"Hericaine Mini Rice Cooker 1.2L Non Stick Pot 200W *Free Rice Spoon, Rice Cup, Steam Plate*",44.6,78,0.0,10,4.9,137.0,267.0,244,Others,0.0,3,1.2,733157,200
128,Tefal Induction Rice Cooker (1.5L) RK808,429.0,1,699.0,39,4.9,101.0,166.0,406,Tefal,0.0,2,1.5,8,1200
129,"Molly Multi-Function Cooker ""The Complete Set"" | ALL 5 Plates suitable for BBQ, Steamboat, Steam Fish, Grilling,",1011.0,0,1252.0,19,5.0,20.0,38.0,575,Kuvings,0.0,0,0.0,24,0
130,Cuckoo CR-0675F 1.08 Liter Micom Rice Cooker and Warmer,249.0,24,400.0,38,4.9,89.0,163.0,488,Cuckoo,0.0,0,0.0,146,0
131,Spot new kitchen appliances rice cooker smart genuine household multifunctional 5L wholesale large-capacity home appliances现货 新款 厨房电器 电饭煲锅 智能正品 家用多功能5L批发大容量家电,110.2,1,0.0,5,5.0,2.0,2.0,3,Others,0.0,0,0.0,49770,0
132,2.5 L(2-3 Persons) Rice Cooker Mini With Steamer Coating Non-Stick Frying Pan Multi-Function Hot Pot Electric Wok,42.0,30,0.0,55,4.9,71.0,116.0,121,Others,0.0,0,0.0,73,0
133,【Ready Stock】Lopol Electric NonStick Ceramic/Marble Frying Pan Rice Multi Mini Rice Cooker,19.9,30,48.0,59,4.7,1200.0,2300.0,1400,Others,0.0,0,0.0,3,0
134,【TUGU】Electric Grill Pan NonStick Ceramic Electric Cooker Mini Rice Cooker Multi Cooker Mini Steamboat 电煮锅,35.88,30,0.0,75,5.0,24.0,63.0,45,Others,0.0,0,0.0,188,0
135,Russell Taylors Dual Pot Pressure Cooker Electric Rice Cooker 2 Inner Pots + 1 Steam Rack (8L) PC-80,279.99,29,299.99,7,4.9,2300.0,3600.0,2200,Russell Taylors,0.0,24,8.0,237,1300
136,Panasonic Conventional Rice Cooker (3.6L) SR-WN36,185.0,29,229.0,19,4.9,304.0,608.0,248,Panasonic,0.0,0,0.0,59,0
137,XMA 9cup 1.8Liter Rice Cooker XMA-188RC,52.0,29,0.0,0,4.9,164.0,283.0,114,XMA,0.0,0,0.0,19,0
138,MIDEA RICE COOKER (1.8L / 0.6L ) MG-GP18B / MG-GP06B / MG-GP10B,49.9,27,0.0,65,4.9,59.0,155.0,48,Midea,0.0,12,0.0,50,0
139,Periuk Masak/ Mini Cooker Serbaguna Non Stick Double Layer(Tidak Melekat)/ Pengukus/ Rice Cooker/ Steamboat/ Masak,19.55,28,36.0,46,4.9,220.0,379.0,211,Others,0.0,0,0.0,10,0
140,Multi-functional Electric Cooker Fry Cooking Pot Rice Cooker Hot Pot / mini cooker/ 电煮锅 / 多功能锅,19.99,28,0.0,0,4.9,124.0,238.0,420,Others,0.0,0,0.0,159,0
141,[BUBBLE WRAPPED!] PANASONIC 1.8L RICE COOKER SR-E18A,103.9,28,0.0,0,5.0,73.0,124.0,52,Panasonic,3000.0,1,1.8,27,0
142,Tefal Rice Cooker Mini (0.7L) RK5001,199.0,27,279.0,29,4.9,3000.0,5100.0,4100,Tefal,0.0,0,0.0,21,0
143,B.S.B Mini Non-stick Rice Cooker European Retro Vintage Elegant Design Electric Cooker Family Gift Periuk Nasi,45.9,24,65.0,29,4.7,702.0,1300.0,1500,Others,0.0,0,0.0,722,0
144,Practical 10 Pcs Food Grade Plastic Rice Measuring Cup Rice Cooker Measurement Tools for Dry and Liquid Ingredients (160ml),5.66,25,9.06,38,0.0,0.0,0.0,0,Others,0.0,0,0.0,0,0
145,Midea Smart Rice Cooker (1.0L)MBFS10 MBFS10GN MBFS10PK,123.75,25,0.0,35,4.9,720.0,1200.0,100,Midea,0.0,0,0.0,620,0
146,[12.12] Corvan Multi-functional Rice Cooker C20 with Low Sugar Program (4-6 Pax),248.0,25,699.0,65,4.9,216.0,377.0,1100,Others,2200.0,12,0.8,87,400
147,"Tefal 1.8L (10 Cups) Easy Fuzzy Logic Rice Cooker | RK732, RK7321, RK732167 (Baby Porridge Cooker Periuk Nasi 电饭锅)",182.0,25,299.0,39,5.0,24.0,43.0,24,Tefal,0.0,24,1.8,133,750
148,Panasonic Rice Cooker (1.0 L/1.8 L/2.8 L/3.6 L),97.24,24,0.0,0,4.9,600.0,1000.0,471,Panasonic,2100.0,12,1.8,100,600
149,"Samu GiKen Digital Rice Cooker (3 Litre), Model: RC30",102.9,24,229.9,55,4.9,131.0,251.0,316,SAMU GIKEN,2000.0,12,3.0,321,500
150,Singer RC06 -0.6L Rice Cooker *Ready Stock & Bubble Wrap*,57.0,24,65.0,12,5.0,364.0,535.0,168,Singer,0.0,0,0.0,94,0
151,Cuckoo CR-0675F 1.08 Liter Micom Rice Cooker and Warmer,249.0,24,400.0,38,4.9,89.0,163.0,488,Cuckoo,0.0,0,0.0,146,0
152,22cm/24cm Electric Multicooker Non Stick Tempered Glass Lid Rice Cooker Food Mini Hot Pot,26.0,23,0.0,0,4.8,214.0,458.0,624,Others,0.0,0,0.0,913,0
153,[Stock in Malaysia]Mini Rice Cooker 1.2L Small 1-2 People Rice Cooker Multifunctional Steaming Kitchen Small Appliances,47.5,22,150.0,68,4.9,318.0,1000.0,625,Others,2000.0,3,1.2,240,200
154,[BUBBLE WRAP] TRIO 0.3L MINI RICE COOKER TJC030,64.0,22,0.0,0,4.9,256.0,396.0,176,Trio,0.0,0,0.0,14,0
155,Midea Rice Cooker Mini 0.6L small capacity MD-MGGP06B [One year Warranty],45.99,22,0.0,48,5.0,300.0,498.0,334,Midea,0.0,0,0.0,37,0
156,Electric Cooking Pot [3L] Cooker Non Stick Frying Pan Rice Cooker Portable Periuk Elektrik Nasi Hotpot Steamboat,65.6,22,89.0,26,4.9,413.0,2000.0,3600,Others,0.0,0,0.0,0,0
157,2 Tiers Wooden Microwave Electric Rice Cooker Desktop Oven Rack Kitchen Supplies Rack Floor Shelf Storage Rak Dapur,31.99,22,0.0,42,4.8,1100.0,2000.0,1100,Others,0.0,0,0.0,90,0
158,Steamer Steamboat Pot Electric Rice Cooker Periuk Kukus Pengukus Elektrik Periuk Non Stick Cooking Pot Mini Cooker Pan,36.9,13,0.0,74,4.8,274.0,494.0,711,Others,0.0,0,0.0,475,0
159,Innohut Multifunctional Non-Stick / Stainless Steel Mini Electric Cooker Mini Rice Cooker Steamer Pot With Steam Tray,18.5,21,0.0,61,4.9,2200.0,4500.0,1300,Others,0.0,0,0.0,1480,0
160,Milux 10L Electric Commercial Rice Cooker MRC-5200 / MRC5200 饭煲 Periuk Nasi,325.0,21,419.0,22,5.0,167.0,306.0,146,Others,0.0,0,0.0,30,0
161,Pentec Rice Cooker (1.0 L) TAC-501H TAC-220,49.9,21,0.0,39,5.0,292.0,498.0,169,Pentec,2300.0,12,1.0,187,400
162,Midea 0.6L Baby Mini Rice Cooker MG-GP06B Periuk Nasi Elektrik Rice Cookers Mini Kecil MGGP06B,48.0,21,0.0,0,4.9,61.0,108.0,31,Midea,0.0,0,0.0,96,0
163,【12.12 PROMO】SHARP Rice Cooker (Non-Stick) Periuk Nasi - 1L /1.8L/2.2L/2.8L/4.5L,84.15,21,0.0,1,4.9,46.0,88.0,43,Sharp,0.0,0,0.0,266,0
164,3 Terminals Ceiling Rose 5 amp/250 volt ( White ),1.35,0,0.0,0,0.0,0.0,0.0,0,Others,0.0,0,0.0,0,0
165,BM. 13A 1440W Power Cord Fused 3 Pin Plug 1.8m 1.5m 1.2m Length Power Supply PC Desktop Laptop Computer LCD Rice Cooker,5.8,20,0.0,71,5.0,198.0,512.0,108,Others,0.0,0,0.0,47,0
166,Joyoung MIni Electric Cooker F-15Z605 electric cooker mini dormitory student pot multifunctional all-in-one pot home,79.0,0,109.0,28,5.0,2.0,5.0,15,Joyoung 九阳,0.0,12,0.0,18,0
167,Khind 1L Anshin Rice Cooker RC110M,262.9,0,343.0,23,4.8,57.0,87.0,38,Khind,3100.0,3,1.0,3,450
168,KONKA Rice Cooker 2L With Non-stick Pan/Steaming Rack 420W (KRC-RS1),128.1,46,274.2,53,4.9,94.0,1300.0,573,Konka,0.0,0,0.0,88,0
169,Mini Rice Cooker Non Stick Home Appliances Soup Pot Steamer Electric Periuk Nasi Elektrik Mini Kecil 迷你电饭煲 煲汤锅 [H06],49.8,160,89.9,45,4.9,2700.0,4700.0,400,Others,0.0,0,0.0,834,0
170,Milux Sugar Less Rice Cooker MRC-D182SL Periuk Nasi turun kanji 低糖饭锅,193.5,0,0.0,6,4.8,33.0,55.0,44,Others,0.0,0,0.0,10,0
171,Sharp Rice Cooker KS-H228S-PK 2.2LITRE,119.0,0,169.0,30,4.9,9.0,16.0,11,Others,0.0,0,0.0,9,0
172,Toshiba 1.8L IH Low Sugar Digital Rice Cooker Healthy Cooker RC-18ISPMY | 1.0L RC-10IRPMY,680.0,0,0.0,40,3.0,1.0,5.0,69,Toshiba,0.0,0,0.0,59,0
173,MMX Pressure Cooker Stainless Steel Pot Rice Cooker 15 functions (6L) Ewant Pro MMXYBD6-114SB-MC+GL,188.88,21,688.0,73,4.9,553.0,1000.0,858,Kelen Munoz MMX,0.0,1,0.0,246,0
174,Bear Electric Lunch Box DFH-B20J1 (2L),155.82,20,229.0,32,4.9,277.0,553.0,775,Bear,0.0,0,0.0,530,0
175,TEFAL Mini Rice Cooker 0.4L RK1721 (2CUPS) MINI MECHANICAL RICE COOKER RK1721,111.0,20,129.0,14,4.9,167.0,284.0,187,Tefal,0.0,0,0.0,42,0
176,Midea Conventional Rice Cooker 0.6L MG-GP06B Glass Lid Periuk Nasi Midea MGGP06B,46.95,20,0.0,32,5.0,297.0,500.0,197,Midea,0.0,0,0.0,349,0
177,Tefal Mini Mechanical 0.4L Rice Cooker RK1721,109.0,20,179.0,39,5.0,222.0,354.0,419,Tefal,2200.0,24,0.4,22,200
178,🔥Ready Stock🔥 Mini Non-stick Rice Cooker European Retro Vintage Elegant Design Electric Cooker Family Gift Periuk Nasi,45.9,20,0.0,0,4.9,137.0,233.0,114,Others,0.0,0,0.0,183,0
179,Milux Personal Rice Cooker - Random Colour (0.3L) MRC-703,51.48,20,0.0,26,4.9,1100.0,2000.0,601,Milux,0.0,12,0.3,528,200
180,local seller bihun tempatan bihun cap merak 450g (muslim seller),2.6,20,0.0,0,4.8,48.0,341.0,10,Others,0.0,0,0.0,472,0
181,【Tachzon】1.2L Mini Rice Cooker Multi-function Electric Rice Cooker 1-2 people Non-Stick Household Small Cooking Machine,49.2,20,59.0,41,5.0,6.0,20.0,1,Others,0.0,0,0.0,194,0
182,(RB23) RICE COOKER SWITCH 16A,3.5,19,0.0,0,5.0,22.0,106.0,16,Others,0.0,0,0.0,126,0
183,XBRC01 Non Stick Hidden Handle Mini Rice Cooker 1.2L,31.7,19,118.0,73,4.8,1900.0,3800.0,2800,Others,0.0,0,0.0,25,0
184,MIDEA SMART RICE COOKER MB-FS10 PINK GREEN MILUX 30L ELECTRIC OVEN PINK,125.0,19,0.0,46,4.9,286.0,436.0,1700,Midea,0.0,0,0.0,13,0
185,Penangseller-Electric NonStick Ceramic/Marble Frying Pan Rice Multi Mini Rice Cooker,19.57,19,20.6,5,4.9,652.0,1400.0,469,Others,0.0,0,0.0,191,0
186,LOPOL 1.8L !!! Electric 2 Layer Non Stick Rice Cooker Steamboat Fry Steamer Cooker with Tray,18.3,19,0.0,0,4.8,663.0,1500.0,351,Others,0.0,0,0.0,3521,0
187,Electric NonStick Ceramic Multi Cooker Frying Pan Grill Hot Pot Mini Rice Cooker,19.39,19,0.0,90,4.8,843.0,1700.0,942,Others,0.0,0,0.0,27,0
188,【Nice】 Xiaomi Mi Smart Mini Rice Cooker 1.6L / 3L C1 Intelligent Small LED Display Non Stick Electric Cooker,89.0,12,0.0,75,4.9,56.0,130.0,200,Xiaomi,4400.0,3,3.0,455,650
189,Midea Jar Rice Cooker MB-18YH ( 1.8L ) Pink White,61.94,17,71.5,13,5.0,245.0,440.0,189,Midea,0.0,0,0.0,14,0
190,Ready Stock 1.8L NonStick Ceramic/Marble Frying Pan Multifunction Mini Rice Cooker Electric Cooker Cooking Pot,24.9,18,0.0,0,4.8,315.0,607.0,185,Others,0.0,0,0.0,419,0
191,"- Toshiba Rice Cooker Open/Close Button For Model RC-10NMFIM, RC-18NMFIM",22.5,18,25.0,10,4.9,298.0,539.0,56,Toshiba,0.0,0,0.0,196,0
192,Midea 0.6L Rice Cooker MG-GP06B,36.5,18,83.1,56,4.9,172.0,290.0,406,Midea,0.0,0,0.0,5,0
193,Cuckoo CR-0671V 1.08 Liter Rice Cooker - Violet/White,124.0,18,249.0,50,5.0,99.0,142.0,230,Cuckoo,0.0,0,0.0,34,0
194,KHIND/ ISONIC Rice Cooker 1.0L / 1.8L / 2.8L [ READY STOCK],44.99,14,0.0,36,4.9,509.0,829.0,520,Khind,0.0,12,0.0,254,0
195,Egoodsmall Bear Electric Rice Cooker DFH-B20J1 2L Electric Lunch Box Rice Cooker Electric Lunch Box Periuk,159.0,9,199.0,20,4.9,59.0,102.0,65,Bear,0.0,2,0.0,568,0
196,Mini Cooker Periuk Nasi Mini Rice Cooker Periuk Non Stick Wok Hot Pot Steamboat Pot Cooking Pot Mini Steamer Pengukus,22.37,18,45.7,51,4.9,33.0,62.0,46,Others,1000.0,0,0.0,206,450
197,【TUGU】3L Non Stick Rice Cooker Household Smart Multi-function Fully Automatic Home Appliance Cooker Periuk Nasi 電飯煲,88.66,18,150.0,41,5.0,10.0,25.0,18,Others,3000.0,0,3.0,196,501
198,Philips Fuzzy Logic Rice Cooker HD4515 | HD4515/63,269.0,17,349.0,23,4.9,499.0,816.0,1200,Others,0.0,0,0.0,19,0
199,ELBA 1.2L MINI RICE COOKER [ERC-D1233(WH)],89.95,17,129.0,30,4.9,447.0,838.0,474,Elba,4000.0,12,1.2,144,300
200,Pensonic Rice Cooker (1.0L) PRC-11E,62.18,17,87.0,29,4.9,170.0,287.0,128,Pensonic,0.0,12,1.0,8,400
201,★READYSTOCK★Electric Multifunctional Non-Stick Rice Cooker(1.8L)with steamer/Electric Frying Pan/Periuk Nasi/迷你宿舍小电锅/饭锅,29.9,17,90.0,67,4.9,43.0,99.0,44,Others,0.0,0,0.0,102,0
202,SHARP 1.8L NON-STICK INNER POT RICE COOKER KSH188SPK//KSH188SSL,99.0,14,0.0,0,4.9,110.0,180.0,68,Sharp,0.0,12,1.8,13,700
203,1.8L Multifunctional Non Stick Electric Pot /Mini Rice Cooker With Steamer Frying Pan Electric Cooker Cooking Pot,30.9,17,45.9,33,5.0,22.0,49.0,67,Others,0.0,0,0.0,100,0
204,【Tachzon】Electric Grill Pan NonStick Ceramic Electric Cooker Mini Rice Cooker Multi Cooker Mini Steamboat 电煮锅,36.8,16,0.0,77,5.0,2.0,16.0,2,Others,0.0,0,0.0,198,0
205,🚚<Local Fast Ship>3L Rice Cooker Household Smart Intelligent Multi-function Fully Automatic Home Appliance Cooker,83.88,16,188.0,55,5.0,3.0,16.0,1,Others,2000.0,0,3.0,400,501
206,MMX Pressure Cooker Rice Cooker Rendang (12L) 10 Preset Ewant Classic MMXYBD12-160AG-NS,348.88,16,988.0,65,4.9,259.0,425.0,270,Kelen Munoz MMX,0.0,0,0.0,76,0
207,🔥READY STOCK🔥🇲🇾  Smart Mini Rice Cooker Home Students Small Multi-Function Travel 1.2L/2.5L Ready Stock,43.5,127,0.0,77,4.9,1900.0,3300.0,3200,Others,500.0,0,1.2,848,0
208,TOSHIBA JAR RICE COOKER 1.8 LITRE RC-18JH1NMY 饭煲,98.0,1,190.0,48,5.0,37.0,62.0,68,Toshiba,0.0,0,0.0,38,0
209,"Multi-function electric cooker 3L/5L Non-Stick Steamboat Rice Cooker with Temperature Control, with Overheating Protection, with steamer for Fry, Sauté, Steam, Simmer, Electric Frying Pan",68.8,32,0.0,23,4.9,124.0,243.0,550,Others,1950.0,12,3.0,89,1000
